lng,lat,count
11865650,3621850,1
12620850,4775450,1
11577650,3580150,2
12044950,3734550,1
11584250,3551250,1
11597050,3563050,2
12134750,4042650,1
11578050,3569450,1
11584650,3569150,1
11565450,3566650,1
11591050,3559250,2
11584750,3565750,2
11699950,3622750,1
11616750,3568650,1
11572050,3581150,1
11584850,3576250,1
12852050,3294050,1
11501650,3503850,1
11623350,3593150,1
11616950,3593650,1
11585150,3560150,1
11604350,3556850,39
11572450,3555350,1
11598050,3553650,1
11591650,3569850,1
11604450,3556550,85
11591750,3550550,1
11822250,3843550,1
11604750,3559750,1
11732750,3598750,1
11783950,3796850,1
9742450,5430350,1
11604950,3559450,4
11585850,3566850,2
11605050,3548250,6
11586050,3564550,16
11586150,3572250,1
12693350,2623750,1
11599050,3556150,12
11528650,3410750,1
11746250,3633150,1
11797450,3688550,2
11599150,3572850,1
11733650,3638550,1
11605750,3549650,1
11599450,3555650,5
11612250,3558450,1
11605850,3556050,61
11599550,3552150,3
11881150,3315750,1
11606050,3548550,1
11586950,3566150,3
11798150,3685650,1
13090950,4723350,1
11651050,3670650,1
11542250,3564450,1
11875050,3541850,1
11587250,3561250,3
11587250,3551150,1
11606550,3549850,2
11581050,3571050,2
11606650,3555450,20
11606650,3556650,52
11574750,3570450,1
11600450,3575150,1
11568650,3597750,1
11434350,2859450,1
11575250,3555850,1
11581650,3564050,1
11607350,3550250,1
11850550,3422150,2
11581850,3560350,2
11607450,3554250,35
11549950,3904650,1
11575550,3571250,1
11575550,3588950,1
11972350,3056450,1
11421950,2854750,1
11543550,3562850,1
11588450,3561450,1
12766050,4593150,2
13009250,4644150,1
11594850,3563250,3
13079650,4689550,1
11582150,3568450,1
11588650,3573450,1
11588650,3561450,1
11601450,3554550,1
11601450,3556750,5
11607850,3556250,1
11300650,3090950,1
11607950,3558750,1
12785550,3984950,1
11576150,3565950,2
11601750,3555750,3
11627350,3591950,1
11531350,3449150,1
11557050,3571650,1
11569850,3577950,1
11582650,3554750,1
11589150,3568650,1
11493150,3464450,1
11595550,3552850,1
12011650,4160250,1
11595650,3560450,1
13515750,3629750,1
11602250,3545750,1
11557450,3569650,2
11583050,3547950,2
11602350,3557050,3
11608750,3554050,28
11608850,3554750,25
12959350,4833150,1
11583350,3585550,1
11596150,3572250,1
11608950,3571150,1
11577050,3569250,2
11589950,3572450,1
11602850,3555250,1
11609250,3565750,5
11602950,3549850,3
11596550,3555850,3
11590250,3576250,3
11654250,3490550,1
11603150,3556150,3
11596750,3572350,1
11584050,3570150,2
11584150,3562550,2
11603350,3561150,1
11603450,3552950,10
11872350,3449650,1
11405250,2849550,1
11821250,3594250,2
11635850,3537150,1
11597650,3571850,1
11700050,3657950,1
11828150,3603050,1
11585050,3567150,1
11834650,3429350,1
12858650,4342250,1
11572350,3546850,1
11598050,3555250,27
13940450,5407950,1
13217250,3954050,1
13422150,3654750,1
11591850,3574450,1
10247850,3243650,1
11585550,3568850,2
12110450,4047450,1
11636950,3316450,1
11470650,3486750,1
11585950,3566850,1
11598850,3557850,11
12130050,4053150,1
11611750,3557650,1
11394150,2853350,1
11579750,3564850,1
11810250,3582150,1
12725550,4240350,1
11573650,3561650,1
11580250,3561350,1
11605850,3580350,1
11669850,3404550,1
11695550,3657850,1
11580550,3545950,1
11580650,3563550,1
11606250,3557950,2
11663950,3401050,1
11606350,3555950,63
9974450,3343850,1
11516850,3561850,1
11593750,3581850,2
11862650,3421850,1
11517150,3554550,1
11593950,3561050,1
11606750,3554150,19
11600550,3554850,5
11696550,3426950,1
8854950,5026250,1
11600650,3595650,2
11600650,3545250,1
11587950,3551150,1
11607150,3548650,1
11600850,3558550,1
11722450,3628050,1
13188150,3875250,1
11575350,3570850,1
11588150,3549850,1
11600950,3547450,24
11600950,3563450,7
11562750,3507050,1
11588350,3552550,1
11581950,3571850,1
11601350,3549550,3
11588650,3571150,2
11607850,3550950,1
11774250,3508150,1
11588750,3575050,3
11665550,3478650,1
12907150,3294750,1
11768050,4672350,4
11608050,3596650,1
11672050,3451550,1
11812850,3586550,1
11966450,3056750,1
11614550,3577850,1
12433750,3360650,1
11595350,3564050,1
11589050,3562950,1
11608250,3557950,5
11621050,3620150,1
11563550,3588050,1
11557150,3571150,1
11582850,3559650,1
11704650,3619650,1
11608650,3559350,2
11583250,3552750,2
11602550,3568950,1
11487550,3499150,1
11602750,3557950,3
11596350,3572550,1
12345250,3942050,1
11609250,3606250,1
11602950,3552950,1
11602950,3550950,2
11871850,3541450,1
11871850,3055750,1
11603150,3511250,2
11609550,3559350,1
11596850,3572550,1
11603350,3548450,1
11590650,3580850,1
11584450,3561250,1
11968450,3639850,1
11603750,3554950,1
11559050,3572950,1
11783050,3796850,1
11962250,3054450,1
11584850,3560150,1
11597750,3551750,1
11572350,3575750,3
11597950,3558650,2
11597950,3554650,1
11610750,3609450,1
11572450,3554350,2
11585350,3575850,2
10145350,3441950,2
11585550,3565850,1
11598450,3556450,3
11662450,3671850,1
13198550,3714850,1
13057750,4705250,1
13422550,3655450,1
13102550,4725950,1
11560250,3459650,1
11573050,3580050,2
11585850,3542750,1
11790650,3487450,1
12181050,2779450,1
11585950,3566550,2
11573350,3611050,1
11586150,3521350,1
11586150,3536350,1
11605350,3551250,64
11586350,3546150,1
11599150,3555750,18
11656750,3484350,1
11599250,3553250,1
11605650,3555350,4
11727350,3494750,1
13097050,4725750,1
11612350,3605250,1
11574050,3577550,1
11612450,3573050,1
11587050,3560850,4
11606250,3556150,10
11580750,3557850,1
11600050,3574850,1
11600050,3557250,12
11728050,3496250,1
11542450,3680350,1
13078550,4689350,1
11933050,3537650,1
11581050,3557950,2
11593850,3558350,2
8976350,807150,1
11600450,3548750,1
11600450,3555950,13
11587750,3551950,1
12976550,4832650,1
11587850,3564950,2
11600850,3554750,16
11485750,3498550,1
11601050,3547350,31
11588350,3559050,1
11588350,3557650,1
13418750,3646350,1
11588650,3560450,3
11486350,3498750,1
11601650,3557150,31
11595250,3570450,1
11588950,3575050,1
11576250,3566450,1
11576250,3566650,1
11717050,3557650,2
11697850,3431250,1
11601950,3547750,4
11589250,3563050,7
11602050,3559350,1
11806850,3868250,1
11582950,3569250,1
11595750,3557250,3
11583050,3562950,1
11583050,3570650,2
11608650,3555550,17
11608650,3556850,21
11563950,3568850,1
11589550,3568950,1
11583150,3553150,2
11583150,3562450,1
12114650,4028850,1
11602850,3550950,1
11910150,3590250,1
11570950,3568950,1
11596550,3627250,1
11603050,3600050,1
11558250,3574750,1
11583850,3567050,2
11603150,3579750,1
11603150,3568950,1
11654350,3676250,2
11731150,3630050,1
12345550,4076550,2
11436850,3432350,1
13120150,4347250,1
11584150,3548550,1
11622550,3577850,1
12000150,3315650,2
12729750,4290450,1
11584250,3569250,1
11584250,3545150,1
11590650,3568350,1
11603450,3565850,1
11558750,3488650,1
11584350,3550350,1
11597150,3549450,1
12960350,4852050,1
11558850,3569450,1
11501250,3503750,1
11603650,3547150,7
11558950,3696750,1
11610150,3555850,10
11712550,3626250,1
11539950,3608250,1
13453650,3232650,1
11834450,3429250,1
11584950,3549750,1
11604150,3554650,4
11585150,3439950,1
11598050,3554450,15
11598050,3562650,1
11617250,3568450,1
13454150,3744550,2
12673350,2604050,1
11578950,3572450,1
13198250,4402850,1
11643150,3645250,1
11598450,3554750,1
11611250,3557950,3
11611450,3557650,7
11573150,3525250,1
11567050,3557150,1
11618250,3625550,1
11586350,3555350,2
11579950,3564850,2
11592750,3582950,1
11605550,3552550,29
11586550,3579850,1
12079350,3258650,1
11567450,3553950,1
11599550,3553350,4
11663650,3398150,1
11574150,3580650,1
11772550,3442950,1
11574250,3556350,1
11599850,3562050,2
11599850,3551150,1
11855850,3431550,1
11612750,3548250,1
12431950,3360650,2
11606450,3555650,137
11536150,3611050,1
11593750,3583850,3
12169750,4026350,1
11350550,3482150,1
11600250,3552250,1
11638650,3534350,1
11581250,3590250,1
11862850,3428450,1
11574950,3580450,1
11588050,3566850,1
11805650,3462450,1
11607250,3555750,5
11600950,3560150,2
11607350,3555350,32
11594650,3556050,2
11588350,3567350,1
11601150,3566750,1
11581950,3563850,2
11588450,3565750,1
11614050,3554550,1
11543650,3566550,1
11607650,3566050,2
11582150,3559450,1
11563050,3573250,2
11575850,3564550,1
11601450,3546950,1
9751850,5402450,1
11595150,3575850,1
11620750,3624450,2
11588850,3562350,1
11601650,3546550,6
11569650,3597450,2
11697650,3455550,1
11601750,3555550,1
11614650,3525750,1
12990650,4820750,1
11614750,3564550,3
11781250,3500350,1
11608450,3556250,34
11467650,3748650,1
13112550,4733650,1
11602250,3552250,7
11583050,3572450,1
11583050,3561050,1
11954250,2541350,1
11864750,3426650,1
11564050,3523150,1
11589650,3570450,1
11826450,3161850,1
11877650,3051350,1
12620050,2610650,1
11640950,2955550,1
11596150,3569850,1
11589850,3568050,1
11609050,3555350,49
11660250,3685250,1
11589950,3561950,1
11596350,3560850,3
11621950,3629350,2
11660350,3685550,1
11583650,3568150,1
11596550,3543550,2
11603250,3636450,2
11584150,3570950,1
11788950,3490350,1
11488150,3499550,1
11590550,3562550,1
11609850,3552550,1
11814750,3835850,1
11603550,3551650,2
13107650,4731750,1
11859650,3414050,1
11597450,3561550,1
11603950,3558550,4
11603950,3548550,1
11591250,3578350,2
11418550,2852750,1
11604150,3561050,2
11610850,3557350,28
11406050,2850150,1
11969350,3013350,1
11585450,3553550,1
11624050,3630850,2
11675250,3609850,1
11585750,3563250,2
11662550,3397950,1
13057750,4705350,1
11656150,3607450,1
11585850,3560850,2
11598750,3555550,3
11733250,3507050,1
11586150,3539650,1
11586150,3522350,1
11586150,3523150,1
11605350,3556050,51
11579850,3590650,2
11599150,3585650,1
11605550,3581550,1
11586450,3565650,1
12546450,4509450,1
11599350,3552150,5
11605750,3551850,1
11541850,3617750,1
11599550,3557450,9
11650850,3497250,1
11586950,3568150,2
11586950,3550450,1
11599850,3554950,2
11638250,3535150,2
11600050,3587650,1
11593650,3591550,1
11606450,3555550,97
11638550,3531650,2
13430550,3647850,1
11580950,3570350,1
11593750,3564450,4
10147350,3441050,1
11549050,3430650,2
11600250,3549050,1
11606650,3552750,70
11606650,3551050,3
11862650,3436050,1
11581150,3563550,1
11389150,3146950,1
11587650,3570150,1
11638850,3534650,1
11664450,3398950,2
11594050,3584050,1
11606850,3551850,22
11587750,3549850,1
11600550,3556050,13
11696550,3521450,1
11786150,3797550,1
11536750,3609550,1
11549550,3625150,1
11479150,3491850,1
11472850,3488550,1
12144850,4035050,1
11575350,3581450,1
11600950,3558650,1
11600950,3570650,1
11754550,3547550,1
12957750,4823550,1
11581750,3579450,1
11607350,3553450,3
12567350,3314250,1
11626650,3326350,1
11601350,3550550,1
12676550,2567950,1
12689350,2563250,1
11575850,3571750,1
11601450,3547950,3
12599850,3209650,1
13086350,4691650,1
11633550,3653350,1
11563250,3535350,1
11595250,3585450,1
11595250,3581050,2
11582550,3567950,1
11787350,3796750,1
11601850,3546950,1
11685050,3335350,1
11569950,3597650,1
11582750,3563250,2
11595550,3561750,1
11608350,3556150,52
11781250,3796150,1
11563750,3568550,1
11576550,3580650,1
11576650,3559550,2
13471050,3645850,1
11647050,3493150,1
11563950,3558450,1
11467950,3485250,1
11576850,3566350,1
11653750,3617950,1
11583350,3552550,1
11589850,3572550,1
11609050,3555850,71
12633050,2515750,1
11609150,3558650,1
11737150,3335550,1
11615650,3614650,1
11660650,3686150,1
11814450,3835750,1
11577750,3564550,1
11808250,3594450,1
11411450,2884950,1
11705950,3621050,1
11584450,3567450,5
11597250,3572350,1
11968450,3638850,1
11603650,3552250,1
13088450,4701950,1
12685350,2564150,1
11597450,3557450,3
11591150,3580450,1
11603950,3565950,2
11674450,3610050,1
11591250,3516950,1
11597850,3558250,1
11610650,3555350,1
11578650,3556650,5
11585150,3549450,4
11597950,3520150,3
11559750,3572350,2
11041350,2872550,1
11476650,3490150,1
11604650,3555650,1
11598350,3550350,1
11636750,3537750,1
11572850,3380750,1
11611250,3560950,1
13089650,4720550,1
11611350,3559150,1
11573050,3583650,1
11969850,3640350,1
11592250,3564250,1
11733050,3710650,1
11611550,3559550,1
11752350,3551650,1
11605150,3556550,1
11586050,3566350,1
11605250,3555650,15
11586150,3537850,1
13102950,4706550,1
11637550,3529250,1
11554350,3641650,1
11554450,3539150,1
11586550,3553550,1
12674550,2615650,1
12719350,3097450,1
11593050,3664050,2
11849250,3459950,1
11599850,3556350,33
12662250,4102750,1
11382250,2855150,1
11657450,3285750,1
11599950,3556250,35
11612750,3597750,1
11939150,3729950,1
11600050,3556450,2
11593650,3569850,1
12547350,4518950,1
11600250,3551650,1
11581150,3575650,1
11606750,3552350,50
11811550,3835650,1
12425950,3472550,1
11594050,3543450,1
11606850,3552550,52
11389250,3132750,1
11600550,3557250,3
11606950,3603350,1
11600650,3573650,1
11306250,4366250,1
11600750,3547650,8
11594350,3561250,1
11594350,3472850,1
11594350,3563550,3
11607150,3552250,7
11351150,3485650,1
13028150,3259250,1
11671450,3609950,1
11402650,2849150,1
13214050,3733850,1
11434850,2861150,1
11594850,3557850,1
11607650,3553250,100
11588550,3549850,1
11601350,3547650,2
11601450,3549450,1
11492650,3502150,1
11569450,3583550,1
11607850,3556750,1
13463850,3655450,1
11780950,3798850,1
12529850,4538450,1
12881950,3299850,1
11608450,3596650,1
11448550,2850850,1
11582950,3566450,1
11800550,3476050,1
11627850,3517250,1
11698350,3431450,1
11576850,3579350,1
11596050,3570950,1
11608850,3565850,1
11570550,3610350,2
11583450,3566850,2
11596250,3578650,1
11762750,3522450,1
13420550,3653550,1
11590250,3566550,1
11590250,3569150,2
11615850,3572750,2
11718250,3556950,1
11583950,3569350,1
11596850,3533150,1
11603250,3556450,4
11558550,3581350,1
11584150,3586150,1
11603350,3555050,1
11692950,3519050,1
11808250,3581350,1
11597150,3572550,2
11584450,3556650,2
11597250,3627650,1
11565250,3586750,1
11590950,3555450,1
11584650,3565450,2
11776650,3505750,1
11661650,3298750,1
11853750,3427050,4
11578550,3568950,2
11604150,3552450,4
11604150,3545150,1
13088950,4712750,1
11540250,3612150,1
13089050,4713350,1
11585150,3545150,1
11585250,3555750,2
11783650,3507550,1
11598250,3553750,2
11649450,3526450,1
11879850,3062550,1
11604750,3556150,16
13147250,2809350,1
11400050,3268350,1
12865850,3292550,1
13083450,4689650,1
11976350,3046950,1
12072450,2593050,1
11592650,3569550,1
11599150,3558350,12
11490350,3515050,1
11541550,3539350,1
11823250,3269250,1
13109750,4733150,1
13295350,4829150,1
11535550,3609250,1
11586750,3566150,1
11810750,3543750,2
11580450,3568350,3
11753350,3543150,1
11394950,4257850,1
11587050,3560750,3
11574350,3588050,1
11593650,3574850,1
11696150,3432150,1
11587550,3568550,2
11638750,3534450,1
13904350,5848050,1
12035650,3483150,1
13942950,5409450,2
11965350,3056450,1
11607050,3553150,44
11600750,3557150,89
11581550,3571550,1
11607150,3553150,39
11588050,3555550,2
11607250,3553050,17
11600950,3546950,7
11652150,3603050,1
12599350,2671050,2
11607350,3552550,10
11581850,3565150,1
11645950,3505050,1
12887550,3309850,1
11338850,3048050,1
13111850,4733650,1
11614250,3564750,1
11332650,4361250,1
11607850,3553250,34
11601550,3546450,3
11646350,3328850,1
11697550,3433150,1
11601750,3549050,1
11646550,3503550,1
11576450,3572850,1
11794050,3480550,1
11896450,3277650,1
11595650,3566050,2
11576550,3561150,1
11602150,3557650,2
11384550,3213250,1
12581350,3253950,1
13003750,4777250,1
11589450,3573050,2
11704650,3483350,1
11583050,3568550,1
11736650,3313650,1
11800750,3681950,1
11621650,3578650,1
11698450,3320150,2
11992850,3657350,1
12991250,4886050,1
11640950,3419250,1
11448950,3445650,1
11557750,3405350,1
11596150,3569550,2
11602650,3560250,3
11583550,3540450,1
11583550,3561150,1
11583550,3545050,1
11801150,3682650,1
12927550,4074250,1
11193250,1535850,1
11583650,3575950,1
13554850,3625050,1
12953250,4817050,1
11596550,3556650,4
11609350,3589150,1
11654250,3616150,1
11769450,3515050,1
11596650,3556750,1
11967950,3637350,1
11603250,3549350,5
11590550,3565250,1
11769750,3514250,1
11584250,3567150,1
11590650,3577650,1
11590650,3568150,1
11603650,3549150,4
11603750,3548850,1
13088550,4699850,1
11597450,3552550,2
11591150,3559350,1
11572050,3603050,3
11584850,3575750,2
11584850,3564450,1
11642450,3555650,1
11584950,3556650,1
11572250,3545650,1
11418650,2852850,1
12705150,2561850,1
12673450,2603650,1
13089550,4720050,1
13108850,4732750,1
11572850,3563650,1
13038550,4704850,1
11585950,3558150,1
11797150,3687150,1
11694850,3429950,1
11534950,3674650,1
11586150,3526650,1
11560650,3572150,1
11586250,3574550,1
11579850,3557050,3
13090250,4722450,1
11573750,3564850,1
11580450,3568450,1
11606050,3549850,4
11587050,3562750,1
11606250,3555550,68
11599950,3554950,1
11612750,3560650,1
11587250,3566750,1
11702450,3618650,1
11568050,3561250,1
11587350,3579650,1
11593850,3585850,2
11600350,3556350,163
11587650,3555050,1
11600450,3558450,2
11594050,3559350,2
11606850,3555050,59
11606850,3555850,37
12656550,3645450,1
11613450,3573850,1
11607050,3551750,32
11600750,3547350,32
11600750,3556750,21
11607150,3555850,16
13079150,4689450,1
11639250,3532450,1
11658450,3479150,1
11575350,3570250,1
11594550,3561550,1
11594550,3486250,1
11594550,3563050,1
11786550,3009450,2
11601150,3547650,18
11582050,3544250,1
11601350,3550750,2
10129350,3438350,1
11620550,3573850,1
11614350,3564850,1
11607950,3554350,9
11691450,3614950,1
12555550,2527250,1
11576450,3554750,1
11486950,3498950,1
11768650,3516150,1
11935150,3577250,1
12127150,4023450,1
11583150,3555150,1
11589650,3575050,2
12108050,4064350,1
11487350,3499150,1
11960950,3054350,1
11596150,3567650,3
11820250,3842350,1
11647450,3362750,1
11583550,3562850,2
11609350,3555050,57
11609350,3555950,50
11577550,3560150,1
11603150,3558750,1
11865550,3426050,1
11609750,3555850,2
11609850,3556050,1
11603550,3552350,3
11936350,3577250,1
12640350,2621350,1
12704350,2561250,1
11597250,3554450,1
11610050,3555650,25
11693250,3517950,3
11974850,3043250,1
11597450,3504050,1
11603850,3550150,3
11584750,3566650,1
12864750,3292550,1
11565550,3570450,1
11603950,3549250,3
11584850,3549950,1
11623250,3593750,1
11655250,3614750,1
11405750,2849950,1
11604150,3554250,1
11783450,3497450,1
11649150,3526750,1
11598150,3546750,1
12692550,2623250,2
11585450,3546150,1
11764650,3520550,1
11694250,3165250,1
11598350,3552650,2
11604750,3550950,1
11585650,3562350,1
11713650,3626850,1
11572950,3555450,1
11649850,3499950,1
11752350,3551750,1
11605150,3547650,4
11605150,3556150,10
11586050,3542750,1
11586150,3531250,1
11541350,3564750,1
11579750,3569450,2
11560750,3492450,1
11650450,3497650,2
11592850,3564450,6
13308050,3660150,1
11599350,3559850,2
11330650,3054450,1
11580250,3581250,1
11593050,3582150,2
11612450,3500350,1
11606050,3558050,4
11593350,3574150,1
11599850,3555250,54
11868750,2722650,1
13359950,4324350,1
11561650,3522650,1
11612850,3565650,2
11651250,3496150,1
11580850,3570350,1
11606450,3557150,5
13283250,2994850,1
11587350,3567050,1
11804950,3868150,1
11644950,3504450,1
11606650,3553450,4
11600350,3560550,2
11606750,3551550,34
11574850,3583350,1
11600450,3559750,1
12163650,4031450,1
11434050,2861050,1
11600550,3551950,3
11664550,3401350,1
11581350,3575250,1
11607050,3555350,1
11600750,3548350,2
11626350,3465950,1
11581550,3553650,1
12119250,4031050,1
11594550,3550150,1
11696950,3616250,1
11805950,3833350,1
11863550,3421950,1
11959650,3053650,1
12682950,2558050,1
11601450,3551450,1
11607850,3558850,1
11588750,3566050,1
11601750,3556650,2
11576250,3565050,1
11909050,3590750,1
11589150,3563150,1
11480350,3492550,1
11595550,3553850,2
11608350,3575950,1
11589250,3565750,2
11909250,3590450,1
11582850,3553150,1
11608450,3554350,32
13106050,4728450,1
11736550,3338750,2
11800550,3715850,1
11583150,3555850,2
11583250,3555050,1
11583250,3567950,1
11583350,3570950,1
11570750,3554850,1
11590050,3549850,1
11590050,3570750,1
11583750,3571150,2
11609350,3555450,108
11698950,3623350,1
11698950,3622250,1
11615850,3568450,1
12300650,2830650,2
11609650,3554150,1
11603250,3551550,1
12070750,3621050,1
11597250,3566550,1
11610150,3555750,1
11878950,3044550,1
11603750,3554850,3
11610350,3556250,1
11584850,3438250,1
12948050,4817250,1
11533750,3598850,1
11610550,3557250,3
11866650,3431550,1
11578650,3563750,1
11508350,3505350,1
11623550,3524150,1
11783550,3497050,1
11610850,3557150,21
11617250,3570050,7
11604550,3549450,1
11694150,3432050,2
11739250,3249650,1
12968450,4633250,1
11605350,3565850,1
11605350,3551850,1
11643750,3329950,1
13109450,4685350,2
11586550,3513750,1
11612150,3560350,1
11586650,3566550,3
11586650,3568550,3
11586850,3567850,1
11650850,3577150,2
11727650,3496350,1
11548550,3426250,1
11554950,3548650,1
11599850,3556050,5
11791850,3843350,1
11606250,3552450,176
11695850,3432250,1
11721450,3628150,1
11580750,3570850,1
11606350,3551350,5
11875150,2997550,1
11587350,3564850,1
11696150,3427450,1
11657850,3480150,1
12528250,3870950,1
11561950,3582150,1
11600350,3557150,3
12131550,4050750,1
12125350,3134950,1
11581450,3563750,3
11581450,3557450,2
11607050,3554750,28
11600750,3556150,21
11971950,3056650,1
11600850,3571750,1
11600850,3547350,9
11607250,3559450,2
11696950,3603650,1
9450650,5501850,1
11549950,3604750,1
11588350,3555750,1
11601150,3516450,2
12740350,3540050,1
13489150,4666050,1
11588450,3564450,1
11601350,3560850,4
11428650,3422150,1
11601550,3560750,3
11607950,3558950,4
11607950,3553450,13
11588850,3562850,1
11691250,3518950,1
11595250,3558050,1
11659250,3609450,1
11531350,3589350,2
11608150,3555250,59
11557050,3571250,1
12696250,2556950,1
11390650,2854450,1
11601950,3557450,2
11601950,3557750,5
11633950,3546250,1
11659550,3670250,3
11697950,3525950,1
11953950,3050850,1
9189150,2538750,1
12594050,2615950,1
13170150,4740850,1
11602250,3548550,4
11595850,3543150,1
11659850,3546350,1
11595950,3543150,2
11608750,3555350,24
11608750,3606750,1
11589750,3572750,1
11602550,3552850,14
11628150,3555950,1
11596150,3578450,2
11602650,3556650,2
12153050,3574350,1
11583450,3563450,1
11685950,3334750,1
11692450,3615350,1
11603050,3553150,6
11609450,3558050,1
11583950,3570250,1
11596750,3556450,2
11609550,3555450,18
11750350,3672750,1
11584050,3569450,1
11609650,3555250,26
11808050,3461350,1
11596950,3554650,49
11596950,3587250,1
13299550,3793050,1
11590750,3544150,2
11603550,3546350,2
11584450,3571350,3
11597250,3582950,1
11827650,3412650,1
12704450,2581050,1
11584550,3548050,2
11597350,3566750,1
11590950,3567250,1
11591050,3550150,1
12871050,3294350,1
11584750,3616650,1
12851950,3294150,1
11789750,4082050,2
11604250,3566550,1
11585150,3566550,2
11578850,3559250,1
11713350,3399150,1
11969350,3013950,1
11047850,2853950,1
11572750,3583550,2
11591950,3563950,4
11604750,3555250,2
11496050,3502250,1
11572850,3583250,1
11572950,3563750,1
11598550,3559050,1
11598550,3556150,14
13435350,3227150,1
11573050,3569150,3
11592250,3560250,1
11809850,3586450,1
12053050,2596750,1
11649950,3607050,1
11586050,3540150,1
11586150,3566650,1
11586150,3518350,1
11586250,3573250,1
11650250,3601050,1
11778250,3503950,1
11618250,3538850,1
11375050,2852350,1
11586350,3575350,1
11778350,3503850,1
11573750,3557850,1
11586550,3570950,1
11592950,3564450,2
11797750,3687050,1
11599450,3553150,3
11586850,3550050,1
11650850,3497050,1
11766050,3519350,1
11516550,3536950,1
11811050,3635050,1
13539050,4467950,1
11612750,3561450,1
11606350,3555550,108
11657550,3608350,1
11600050,3551850,6
11593850,3569750,1
11638750,3317250,1
11542750,3561550,1
11606750,3556750,31
12131550,4050650,1
11965250,3056350,1
11606950,3554750,18
11587850,3565950,1
11690350,3614150,1
11607150,3552850,33
11645550,3507850,1
11671150,3610050,1
11575250,3584450,1
11581650,3557450,2
11594450,3563550,1
11645650,3508850,1
11671250,3609950,1
13092150,4724050,1
11793250,3624350,1
11582050,3559050,1
11594950,3493150,1
11646250,3504250,1
11646350,3504050,1
11428750,3422550,1
11608050,3552550,1
11595350,3643850,2
11602050,3550650,1
12664450,2613150,1
11743150,3633650,1
11384750,3212150,1
11992750,3657350,1
11596050,3577250,1
11589750,3564750,1
12882550,3300150,1
11589850,3564450,2
11589950,3575050,1
11749950,3360850,1
11666850,3609750,1
13036450,3652850,1
11596450,3553650,2
11519750,3562250,1
11596750,3543750,1
11647950,3323550,1
11584050,3561850,2
11590450,3549850,2
11686550,3334750,1
11577750,3563750,2
11603350,3555250,1
11782650,3507150,1
11321850,3048150,1
11398650,2849850,1
11558850,3570550,2
11578050,3568450,1
11597350,3625950,1
11590950,3564950,3
11590950,3567050,1
11603750,3552350,1
11418250,2852550,1
11603850,3558450,2
11482350,3494450,1
11975150,3044050,1
11700050,3619150,1
11604050,3552950,19
11572150,3582950,1
11597750,3557850,2
11610650,3554950,1
11591450,3517250,1
11591550,3563150,1
11598150,3558450,8
11969350,3057650,1
13089550,4719850,1
11521650,3466450,1
11604850,3556550,10
11739350,3341850,1
11604950,3551350,23
13089750,4720950,1
11585850,3549650,1
11586150,3522950,1
11586150,3518250,1
11419750,3058750,1
11861350,3429150,1
11573450,3556250,1
11976650,3051750,1
13941550,5409250,1
11605650,3549150,6
11580150,3526650,1
11656950,3483850,1
11727450,3496850,1
11580250,3570250,1
11605850,3558650,5
11580350,3557450,2
11599650,3557750,111
11516550,3427350,2
11606150,3561350,2
11593450,3560650,3
11593550,3562450,2
11561650,3490450,1
11600050,3560350,3
11600150,3548050,1
13116950,4734150,1
11606550,3550350,5
11574650,3582750,2
11600350,3551250,1
12713950,4222450,2
11376350,2853050,1
10141250,3439750,1
11562150,3572150,2
11581350,3557050,1
11600750,3556950,4
11991150,3657450,1
11530450,3589450,1
11645650,3591250,1
11600950,3565250,1
13943350,5414950,1
11492250,3502050,1
11594650,3559150,1
13092250,4724150,1
12561150,3635650,1
10948350,880650,1
11607550,3555150,40
11524450,3506850,1
13105250,4727250,1
11550250,3430650,1
11575850,3571850,1
11390250,2854850,1
11652750,3496750,1
11582350,3561550,1
11953650,3445050,1
11576250,4156550,2
11589050,3568250,1
11557150,3568950,1
13349250,3716650,1
11582950,3564450,1
11589450,3568550,1
13522250,5009450,1
11583050,3555750,1
11973550,3054850,1
11864750,3418150,4
11576950,3578650,1
11717850,3627050,1
11596250,3578550,2
11698650,3616850,1
12057050,2596250,1
11589950,3569950,1
11602850,3549650,4
11654250,3676150,2
11871950,3540750,1
11596750,3549150,4
11596750,3563250,3
11609550,3555550,33
11596850,3555150,15
11974450,3054250,1
11788950,3490450,1
11564950,3581950,1
11603550,3556050,236
11571650,3609150,1
12134850,3285550,1
11597350,3552650,1
13088650,4707650,1
13280750,2987150,1
11597650,3571350,1
11604050,3551450,3
11597750,3554350,23
11604250,3555250,1
11591550,3582850,2
11598150,3556250,5
11598150,3550050,1
11604550,3556150,17
11604650,3551750,2
11547150,3685250,1
11598450,3557250,25
11707250,3624350,1
11521850,3601450,1
11566650,3350050,1
11611550,3558250,4
11605150,3556450,10
11598850,3566350,1
11605250,3551150,76
11573350,3555950,3
11599050,3554050,2
11605650,3555550,23
10940050,3593050,1
11586550,3581350,1
11855350,3429250,1
11528950,3511250,3
11605750,3556450,4
11157750,3087450,1
11580250,3569950,1
11861850,3425450,1
11573950,3564950,2
11612350,3560650,2
11593250,3574150,1
13353350,3712750,1
11772550,3509150,1
11574350,3556750,3
11587150,3566450,2
11580750,3575550,1
11587250,3579550,1
11446550,2844350,1
11568150,3561750,1
11593750,3582050,1
11606550,3551250,2
11600350,3556050,64
11651550,3498150,1
11689950,3320450,1
11958750,3053150,1
13021150,2747150,2
11606750,3555850,24
11600450,3557050,3
11600650,3547650,4
11741450,3633650,1
13347850,3711650,1
11568750,3576050,1
11588050,3554250,2
11741750,3557550,1
11984950,3551150,1
11543350,3563950,1
11588250,3562350,1
11607750,3553050,65
11979050,3340350,1
11543950,3549950,1
11582350,3560650,1
11595150,3563150,2
11620750,3625550,1
11576050,3551650,1
11883350,3053550,2
11966550,3056750,1
11601850,3491750,1
11717050,3626950,1
11608250,3557250,25
11672250,3645350,1
11582750,3566650,7
11608450,3553350,38
11646950,3502650,1
11557550,3490750,1
11583150,3550650,1
11608750,3556050,7
11800750,3682850,1
13746350,5098550,1
11583250,3551550,1
11596050,3556850,1
11596050,3563650,2
11602650,3550050,1
11596250,3560150,1
11589950,3565450,2
11583550,3573250,1
11583850,3568150,1
11667150,3395950,2
11584050,3553950,2
11577750,3563850,1
11590550,3555550,2
11603350,3552450,2
11417850,2852350,1
11603450,3549550,1
11577950,3568950,2
11590750,3570850,2
11603550,3559750,1
11603550,3547350,1
11622950,3593650,1
11443750,2846850,1
11565350,3544250,1
11584750,3576250,1
11597650,3562150,3
11584950,3576250,1
11968950,3602750,1
11578550,3552550,1
11578550,3570450,1
13050550,4690050,1
11572250,3609650,1
11636250,3538150,1
11604250,3556850,57
11815550,3656150,1
11604350,3556250,35
11790050,3611050,1
11687750,3612450,1
11514950,3468150,1
11572650,3579950,1
11611050,3558250,3
11732650,3595050,1
11585550,3557950,1
11591950,3559850,6
11617550,3582550,1
11598450,3586650,1
11611250,3557250,16
11566550,3349950,1
11579350,3569150,1
11592150,3562150,1
11592150,3582050,1
11611450,3557750,2
13352250,3716350,1
11873850,3541350,2
11585950,3545250,1
11733250,3469050,1
11573350,3579950,1
13160650,3669650,1
11586250,3566150,1
11963850,3055050,1
11586350,3567050,1
11586450,3571350,1
11637650,3535550,1
11592850,3560050,3
11599350,3550050,2
11861850,3429750,1
11580350,3573450,1
11574050,3576150,2
11586850,3565250,1
12898850,3316950,1
11606150,3556650,6
11395050,2852550,1
11599950,3557850,41
11580750,3573750,1
11593650,3570250,1
11600150,3556550,15
11676950,3610050,1
11657850,3480850,1
9897950,3165250,1
11606750,3556150,14
11600450,3556350,62
11574950,3568850,1
11594150,3563050,3
11581450,3570450,1
11792750,3707650,2
11639250,3317450,1
12682450,2583550,1
12452150,3144350,1
11588250,3565150,4
11581850,3559150,2
11594650,3564150,3
11601450,3552750,1
11582250,3574050,1
11607850,3556850,3
11607950,3552950,62
11576050,3569150,1
11582550,3559550,1
11595350,3547950,2
11608150,3559450,2
11620950,3593350,1
11864250,3521150,1
11576350,3566550,1
11813350,3835850,1
12434250,3465450,2
11736650,3339950,2
11589550,3572650,1
11647150,3492850,2
11416750,2851950,1
11602450,3552750,6
11608850,3555850,41
11871450,3027050,1
11589950,3549850,2
11602750,3555650,27
11570750,3579450,1
11609150,3556650,9
11590050,3566350,1
11590050,3570150,1
11609250,3554350,32
11609250,3555850,49
11558250,3570850,1
11609450,3595150,1
11577550,3570250,1
11590550,3555150,1
11603350,3553250,1
11622650,3593750,1
13414650,3652150,1
13427450,3654550,1
11597150,3579650,2
13088350,4708750,1
11590850,3566850,2
11610150,3561150,2
12442250,3071250,1
12192650,4360150,1
11578350,3567250,1
11591250,3560150,1
11604050,3552650,1
11712950,3626450,1
11597850,3556950,1
10215450,3386050,1
11559650,3697250,1
11585350,3556650,1
11604650,3553950,2
11604650,3556350,8
11585550,3562350,1
11694350,3467350,1
11649650,3497250,1
11547450,3426450,1
11598650,3566250,1
11598750,3555750,32
11656350,3607550,1
11797150,3686950,1
12027550,3751950,1
11592450,3562050,5
11835650,3441150,1
11560550,3699650,1
11598950,3556550,8
11861350,3619950,1
12283750,2266150,1
12027850,4042950,1
11560750,3490950,1
11599150,3565850,1
11663150,3397450,1
11579950,3565050,1
11573650,3569250,1
11567250,3560550,1
11605650,3581050,1
11848850,3705850,2
11599450,3557650,15
11605950,3582250,1
11574050,3570750,1
11580450,3554950,1
11580550,3573250,1
11606150,3559850,5
11587050,3565150,1
11587050,3568350,2
11683050,3610250,1
11599950,3556150,15
11587350,3550750,1
11421250,2854350,1
11606850,3665750,1
11581350,3569250,1
11606950,3552050,32
11575050,3577350,1
11607050,3596250,1
11587950,3553750,2
11703150,3619050,1
11331950,4361450,1
11568750,3556250,1
10903150,2821850,1
11588050,3571550,1
11600850,3560150,2
11600850,3550350,18
11600850,3557250,56
11626450,3548650,1
11600950,3561850,1
11434550,2861150,1
11588250,3555450,1
11447450,3518250,1
12138750,4039350,1
11575750,3555050,2
11601550,3560150,3
11582450,3570650,1
11595250,3550350,1
11646450,3503950,1
11563350,3572350,1
11563450,3592050,2
11557050,3571050,1
11589150,3573450,1
11608350,3568150,1
11672350,3610050,1
11710850,3626250,1
11544550,3534150,1
11448650,3446150,1
11595850,3553250,1
11602350,3548850,2
11538450,3607650,1
11653650,3491450,1
12888850,3855850,1
11596150,3572150,1
11608950,3554750,19
11788150,3491950,1
11487450,3499150,1
11589850,3555550,1
13305050,4188150,1
11596250,3567950,1
11609150,3553650,2
11590050,3567850,2
11609450,3558750,2
12959950,4846650,1
11584150,3548750,1
11609750,3556750,9
11648150,3571050,1
11686550,3567850,1
11590550,3562650,2
11654550,3486150,1
11872150,3543850,1
11597050,3556350,1
11494750,3502250,1
11968350,3638850,1
11539550,3429650,1
11603550,3551950,1
11603750,3551650,6
11584650,3571050,1
11699850,3619250,1
11597550,3555550,12
11591150,3560850,1
13357550,3385750,1
11604150,3554150,6
12007450,3678350,1
13089050,4713150,1
11597950,3554350,6
11444350,2846950,1
11534050,3607750,1
11604450,3550950,2
11719650,3571950,1
11572650,3583250,1
11617450,3573950,1
13473550,3644150,1
11579250,3565050,1
12424050,3466550,1
11598550,3557950,9
11585850,3545250,1
13505950,3672550,1
11592350,3560350,1
11790850,3486350,1
11605350,3558150,2
11374950,2852350,1
11573450,3556650,1
11573650,3555950,2
11567250,3603050,1
11605750,3556550,1
11586650,3575550,3
12399450,3241050,1
11426650,3421350,1
11612550,3573150,1
11580550,3569250,1
13161450,3668050,1
11868650,3442050,1
11606350,3555050,43
11587250,3555150,1
11728250,3496650,1
11606650,3559550,2
13513850,3624450,1
11600350,3557950,1
11600350,3558350,4
13168350,3661050,1
11606750,3555750,19
12131550,4047750,1
11638850,3533250,1
11587950,3565850,2
11664750,3610150,1
11568750,3586250,1
11632750,3448550,1
11434450,2858750,1
11466450,3484750,1
11607350,3556250,18
11658550,3670250,1
11607450,3558250,3
11645850,3328850,1
11415450,3845450,1
11588350,3551650,1
11613950,3554550,2
11601250,3574050,1
11607650,3552850,165
11601350,3560450,6
11626950,3576450,1
13476650,3503550,1
11326250,3044850,1
11703950,3502750,1
11691250,3518850,1
11691250,3519050,1
11569650,3597150,1
11582450,3568350,1
11697750,3439850,1
12664250,4110750,1
11576350,3567050,2
11653150,3604050,1
12664350,2613050,1
11582750,3561550,1
11646750,3328950,1
11602050,3548650,5
11602050,3555850,1
12862850,3291850,1
11589450,3568350,1
9138250,5572850,2
11589550,3568750,2
11608750,3554750,21
12197550,3196050,1
11666450,3395450,1
11596050,3556450,1
11864850,3620850,1
11589750,3565550,2
11602550,3545850,4
11736950,3342150,1
11596250,3556550,3
11609050,3557150,1
11564350,4284850,2
11589950,3566650,1
11583550,3563650,2
11596350,3554850,2
11647550,3499050,1
11724350,3360650,1
13087650,4696550,1
11974150,3054450,1
11596550,3552950,1
11590250,3568250,1
11807850,3578650,1
11596650,3585350,1
11628850,3551350,1
11795250,3479150,1
11584250,3567350,2
11584250,3549350,2
11603450,3555350,6
11789150,3362450,1
11577950,3568850,2
11654750,3672250,1
11597250,3567150,3
11590850,3567150,2
11584550,3571950,1
11635750,3484650,1
11687050,3378750,1
11591050,3569650,2
11603850,3568550,2
11828050,3848250,1
11623350,3474450,1
12685750,2607150,1
11610650,3596550,1
11578650,3556750,1
11598250,3558750,3
11783950,3798250,1
11975950,3045850,1
11579250,3557950,1
11592050,3543850,1
11560150,3460150,1
11445050,2847050,1
11624350,3592650,1
11605150,3557250,1
11605150,3551550,37
11797150,3478250,1
11809950,3582950,1
11598950,3556950,21
11592550,3565850,1
11727250,3627850,1
12847250,3293250,1
13116150,4733950,1
11580150,3581050,1
11586650,3561850,1
11676350,3656850,1
11605950,3548550,1
11606050,3556050,34
11535750,3611050,1
11638150,3316550,2
11599850,3556150,4
11964650,3583550,1
11587150,3559350,1
11593650,3560650,3
11760050,3539650,1
11798450,3686550,2
12630450,2629450,1
11568150,3556350,1
11580950,3564150,1
11785750,3494550,1
11587450,3564550,2
11606650,3552850,12
11581150,3564850,2
11606750,3553750,35
11606750,3575250,1
11600450,3547850,4
11600550,3547550,18
11600550,3574650,1
11453350,2150450,1
11575050,3530050,1
11587850,3566250,1
11600650,3555750,10
11549550,3430450,3
11434350,2861150,1
11594350,3560950,1
11600850,3561850,1
11607250,3666550,1
11594550,3581450,1
11607350,3554050,3
11549850,3430550,1
11594650,3573750,1
11639550,3534450,1
11581950,3535150,1
11594750,3560150,1
11594750,3560850,1
11614150,3574250,1
11588650,3573550,1
11588650,3564650,1
11614250,3572450,1
12081450,3995050,1
11575950,3554750,1
11819150,3216250,1
11595150,3563250,1
12631950,3415650,1
11576050,3556850,1
11742450,3345450,1
11556850,3585950,1
11915250,3706550,1
11582550,3548750,1
11781050,3800750,1
11422650,2855050,1
11602050,3549750,1
11608450,3553150,16
11666150,3505950,1
11583050,3578350,1
11608650,3556250,15
11615250,3613950,1
12184850,3626850,1
11608950,3554150,26
11800950,3475850,1
11609050,3554250,8
11615550,3614750,1
11609150,3557650,2
11621950,3629050,1
11577250,3578150,1
11692550,3429650,1
11167750,3603850,1
11596650,3571750,2
13196850,2835750,1
11584050,3560950,1
11584050,3554650,1
11680050,3448350,1
11609750,3555650,22
11609750,3589350,1
11436950,3432350,1
11469050,3486250,1
11609850,3555050,4
11603450,3556050,58
11609950,3571950,1
11853250,3052550,1
11597350,3552350,3
11578150,3567650,1
11578150,3557950,1
11616550,3576350,1
12960550,4821150,1
13088750,4712350,1
11668150,3505150,1
11680950,3610350,1
11956450,3052250,1
11591650,3563250,1
11847650,3641950,1
11598150,3554650,2
11591750,3560750,2
11649450,3323550,1
11700650,3432250,1
11572750,3566150,1
11649650,3667050,1
13096050,4725450,1
13102450,4725950,1
11643450,3512150,1
11573150,3564050,1
11573150,3577450,1
11707550,3477450,1
11586050,3560850,4
11752450,3549250,1
11579750,3496250,1
13090150,4722350,1
11586250,3548550,1
11611850,3557950,20
11560750,3571250,1
12674350,2616250,1
13090350,4722650,1
11586450,3571850,2
11586450,3578350,1
11650450,3601250,1
11420050,2853350,1
11682450,3610350,1
11157650,3085650,1
13103250,4726150,1
11612150,3566650,1
11580150,3597950,1
11605750,3553050,2
11605750,3566250,1
11682550,3753450,3
11964150,3637650,1
12028150,3750050,1
11599450,3558250,11
11663450,3451450,1
11612350,3559950,3
11612350,3564450,1
11586850,3555350,3
11574150,3571050,1
11586950,3560850,2
11810950,3586950,1
11471950,3487850,1
11587150,3571750,1
11606650,3550350,2
12125150,4036450,1
11568350,3561550,1
11613250,3560250,1
11606850,3576850,1
11734850,3575950,2
11581350,3568250,1
11594250,3559550,1
11607050,3556650,184
11588050,3571650,1
11607350,3552150,5
11588250,3565250,1
11601050,3565350,1
11607450,3555650,12
11601150,3564950,1
11601150,3563150,1
11569150,3557550,1
11575650,3564650,1
11601250,3554850,1
11594850,3563750,1
11594850,3563950,4
11588550,3564050,1
14148550,4250950,1
11594950,3561450,3
11607750,3552750,93
11588650,3553250,1
11691050,3614650,1
11601550,3546550,3
11595150,3564650,5
11659250,3684250,1
11614550,3608850,1
11518650,3536550,1
11589150,3566950,1
11582750,3562050,1
11672550,3562850,2
11666250,3674450,1
11960650,3629450,1
11384750,3214450,2
11391150,2854250,1
13279350,2980850,1
11570550,3579850,1
11602650,3561250,4
11621850,3622450,1
11884450,3647650,1
11654150,3673850,1
11858950,3423250,1
11609350,3555850,46
13049450,3718650,1
11596650,3536450,1
11603150,3579850,1
11871950,3543150,1
11590450,3569850,1
11769650,3540850,1
11609750,3555250,36
11731350,3373150,1
12064150,3592450,1
12864250,3292350,1
11590650,3577750,1
11590650,3565850,2
11577950,3565250,2
11961950,3054650,1
11968450,3638750,1
11507750,3470250,1
11578150,3549250,1
11559050,3571750,1
11591050,3573150,1
11591050,3579850,2
13088650,4699050,1
11482350,3494350,1
11571950,3583650,1
11827950,3848150,1
11975150,3052450,1
11578450,3560050,1
11578450,3560150,1
11591250,3557850,1
11610550,3565650,1
11604250,3559450,1
11604350,3550650,1
11681350,3610350,1
11598250,3578450,1
13211150,2821950,1
11700750,3618850,1
11374350,2852050,1
11585650,3578350,1
11604850,3548650,5
11598550,3557450,3
11636950,3316350,1
11579450,3565650,1
11579550,3565150,1
11598850,3553950,3
11605250,3555150,1
11586150,3535350,1
11579850,3563250,1
13218350,3747250,1
11573650,3556850,4
11586450,3554750,2
12533650,4537950,1
11580050,3571950,2
11599350,3556250,3
11644250,3535050,1
12117950,4029450,2
11606050,3553750,4
11465250,3483950,1
13103650,4726250,1
11586950,3559850,1
11657350,3481850,1
11638250,3533950,1
11606250,3557050,1
13091050,3697650,1
11606550,3551450,18
13488150,3649750,1
11581050,3573150,1
11581150,3576450,1
11606750,3550050,2
11568450,3384550,1
11606850,3554950,17
11562150,3572050,1
11600750,3556050,32
11383150,3214650,1
11581550,3571050,1
11607150,3557350,3
11683950,3714850,1
11389550,2854750,1
11581650,3544950,1
11645650,3509050,1
11588150,3554650,1
11952950,3050650,1
11831450,3386550,1
11325850,3042650,1
13041050,4112050,1
11601350,3557750,5
11582150,3554450,1
11620550,3621850,2
11588650,3562950,1
11601450,3558450,2
11620650,3622950,1
11447950,3456950,1
11595150,3556050,1
11646350,3552650,2
11608050,3559450,1
11601750,3557350,16
11595350,3588550,2
13528250,3639450,1
11640350,3511450,1
11806850,3833850,1
11448450,3444450,1
13086850,4692850,1
11595750,3548450,1
11608550,3554950,20
11372050,3202950,1
11576950,3568450,2
11621750,3565850,1
11660150,3672250,1
11589850,3559150,1
11596250,3561050,32
11577150,3582150,1
11513250,3601650,1
11564450,3585950,1
11590050,3566650,1
11596450,3560850,1
11609250,3555350,60
12697250,2561550,2
11583750,3550550,1
11596550,3585450,1
11609350,3556050,18
11871850,3713650,1
12665450,2613250,1
11532650,3586750,1
11596750,3580150,1
11827250,3483050,1
11654450,3262850,1
11974650,3053950,1
11795550,3478950,1
11482050,3494050,1
11610050,3556150,1
11731650,3592850,1
11584550,3572950,1
11552650,3552750,1
11578250,3569150,1
11603850,3561650,1
11616650,3576450,1
11584750,3558550,1
12634350,2538650,1
11578350,3563050,1
11603950,3550350,1
11591250,3544050,1
11604250,3543450,1
12269850,3890050,1
11585150,3558650,1
13089150,4714050,1
11802850,3473750,1
11828450,3848550,1
11962850,3054450,1
11585350,3560150,1
11604550,3583350,1
11604650,3558950,2
11783850,3496650,1
11611150,3557150,26
11790350,3488150,1
11604750,3562450,2
11585650,3565850,1
11585650,3559950,1
11598650,3556550,3
13435450,3227250,1
11560350,3699350,1
11611550,3559050,1
11611750,3560550,1
11605350,3551450,56
11573450,3555850,1
12091850,2797150,1
11560750,3461750,1
11599150,3555850,3
11592750,3630850,1
11663250,3672450,1
11816850,3229450,1
12597650,2562350,1
11445650,3486950,1
11605750,3551150,1
11573950,3568950,1
11663550,3609950,1
11740350,3633350,1
11606050,3556350,8
11574150,3556450,1
10895750,4820150,1
11657350,3671250,2
11382250,3214450,1
11401550,2849450,1
11580850,3573850,1
11580850,3568150,2
11593750,3561550,1
13513750,3624450,1
11964950,3056150,1
11606650,3583850,1
13040250,4370750,1
11600350,3575750,1
13942750,5415750,4
11587650,3571550,1
11472550,3488450,1
11587750,3568150,1
11600550,3557050,9
11607250,3554750,42
11607250,3556450,16
11652250,3422250,1
11703450,3619050,1
11594750,3549250,1
11607550,3550850,2
14513150,5265450,1
11601250,3560250,2
11658850,3609150,1
11601350,3560250,4
11601450,3552550,8
11518250,3536050,1
11607850,3570650,1
11441450,3351350,1
11601550,3556650,2
11601550,3556750,3
13367950,3492350,1
11620850,3623450,1
11646450,3498350,1
11652950,3327750,1
11646550,3503350,1
11589050,3550150,1
11595450,3562550,1
11589150,3572450,1
11653150,3492750,1
11595550,3555450,1
11602050,3560750,3
12139650,4038350,1
11608450,3558350,1
11602150,3559750,2
11653350,3492150,1
11589450,3575050,1
11589450,3563550,1
13490250,3648150,1
11608750,3565850,1
11487250,3499050,1
11596050,3553450,1
11448950,3445350,1
11448950,3445550,1
11877750,3051350,1
11692250,3519150,1
11583450,3561550,1
11583550,3554650,2
11609150,3556450,13
13113250,4733750,1
11609650,3557250,2
11577650,3570350,2
11590450,3577050,2
11974550,3054150,1
11609850,3555150,27
11737950,3339850,1
11590850,3562050,2
11597350,3548950,1
11597450,3627150,1
11623050,3577650,1
13421450,3657550,1
11597550,3554050,3
11591150,3555650,1
11642350,3319850,2
11597650,3558550,1
11610450,3556550,2
11968850,3637950,1
11591350,3561950,2
11591450,3518350,1
13089150,4714750,1
11591650,3581650,1
11610950,3556950,9
11649350,3496850,1
11668550,3396050,1
11649450,3497550,1
13940650,5414850,1
11444650,3442150,1
11591950,3561150,1
11508850,3505450,1
11790450,3487950,1
11592050,3570050,1
11604950,3553050,1
11598650,3567350,1
11605050,3566850,1
11585950,3543650,1
11585950,3550350,1
11611650,3566250,1
11950850,3050950,1
11790950,3485850,1
11387750,2854450,1
11599050,3553450,3
11605450,3558150,3
11688750,3613250,1
11560850,3571850,1
11586450,3577550,1
11605650,3553650,3
11656850,3483050,1
11573750,3572550,1
11586550,3571050,1
11586650,3558250,5
13282650,3678750,1
11785050,3495250,1
11573950,3570950,2
11605950,3555950,64
12854150,3292550,1
11606150,3556150,50
11465350,3480050,1
13513450,3656650,1
12527850,4531050,1
11574350,3555950,1
11574350,3569950,1
13532750,3637650,1
11606350,3553750,5
11593650,3594050,1
11587350,3575350,3
11606550,3553150,35
11388950,2854750,1
11593850,3570050,1
11485150,3498150,1
11600350,3555950,9
11606850,3549550,2
11606850,3549750,2
11588050,3554050,1
11594450,3561050,4
10288850,3387950,1
11600950,3559950,1
11607450,3556650,3
11607550,3552550,7
11607550,3553550,33
13079550,4689550,1
11594850,3562150,1
11748450,3779250,1
11626950,3576550,1
11569450,3556750,1
11793650,3481050,1
11697750,3439950,1
11441850,2861750,1
11601950,3560750,2
11646750,3497150,1
11557350,3571350,1
11615050,3574750,1
12709450,2581450,1
11384750,2854950,1
11608750,3555050,47
11576850,3579650,1
11596350,3559650,1
11679650,3610250,1
12697250,2573950,1
11590150,3549850,1
11603050,3548750,10
11603150,3549250,12
11583950,3580850,1
11673550,3609950,1
11571350,3609950,2
11596950,3554550,2
12140950,4042350,1
11603450,3552650,1
11603450,3549750,5
11667450,3476750,2
11584350,3569750,1
11609950,3556850,1
11584450,3561150,2
11802050,3474450,1
11603650,3555250,1
11578150,3556550,6
11974950,3043350,1
11597450,3552050,1
11783050,3810950,1
13940050,5416350,1
11578450,3562950,1
11604050,3553850,1
11604150,3550550,4
11623450,3629450,1
11591450,3562450,5
12948250,4754250,1
12634750,2592750,1
11578750,3573150,1
11642750,3319250,1
12513150,4093850,1
11828450,3877350,1
11611050,3564850,1
11867050,3442250,1
11809450,3834750,1
11598350,3557050,2
11623950,3577550,1
11374350,3106750,1
11566450,3587650,1
11579250,3572550,1
11579350,3569050,1
11573050,3608850,1
11566650,3571050,1
11586050,3562350,2
11598850,3567050,1
11739650,3341850,1
11579650,3496250,1
11586150,3516650,1
11618150,3577150,1
11586250,3554650,1
11611850,3559350,1
11579850,3569150,1
13109550,4685350,1
11509550,3535750,1
11586350,3581850,1
11599150,3559650,3
11951150,3050850,1
11023450,3455850,1
11593150,3561850,2
11586850,3566350,2
11606050,3596150,1
11670050,3609950,1
12022150,3462050,1
11587150,3567550,1
13283150,2991750,1
11587250,3562350,2
11600150,3557250,5
11587450,3565750,4
11593850,3559450,2
11549150,3426250,1
11561950,3571050,1
12867550,3293050,1
11785950,3494450,1
11587650,3545850,2
11587650,3565850,1
11587850,3560550,2
11594250,3573750,1
11607150,3551750,34
11581750,3571150,1
11524250,3534750,1
11601050,3550450,1
11581850,3554050,1
11486050,3498650,1
11607650,3554750,53
11575750,3568550,1
11614150,3564950,1
11972650,3056350,1
11633650,3578150,2
11672050,3707950,1
11653250,3604450,1
11960450,3054250,1
11595750,3563750,1
11595850,3566550,1
11698250,3619950,1
11563950,3612150,1
11653550,3604750,1
11595950,3562450,1
11960850,3054250,1
11564150,3570750,2
11589750,3563150,1
11608950,3560250,1
11570650,3383250,1
11532350,3449350,1
12863550,3292150,1
11590050,3575150,1
11602950,3550750,1
11801450,3475550,1
11584050,3569750,1
11584150,3559550,1
11596950,3552950,19
11808150,3461950,1
11597050,3563850,1
13517150,3625750,1
11610050,3555850,1
11552450,3427650,1
11578050,3563250,1
11974950,3053350,1
11642250,3319850,3
11584750,3554650,1
11584750,3575950,1
11597550,3552250,1
11610350,3595550,1
11968750,3638250,1
12775150,4592050,1
11578350,3556550,2
11610450,3556150,8
11610450,3556850,1
11655250,3485450,1
11572150,3583250,1
13498550,3298350,1
11610650,3087550,1
11661850,3610050,1
11969050,3637850,3
11572450,3608950,2
11662150,3610050,1
11380550,3511550,1
11585450,3567150,1
11502350,3503950,1
9896050,3389550,1
11560050,3571850,1
11598450,3555350,38
12680150,2562950,1
11560250,3572650,1
12674050,2570850,1
11547850,3574650,1
11586250,3556050,1
11586350,3575650,2
11560850,3528450,1
11592850,3543850,1
11605750,3559050,11
11682550,3458250,1
11784950,3495350,1
11605850,3554450,2
11605850,3551150,9
11586750,3566050,1
11625150,3548350,1
11637950,3535350,1
11433150,2857450,1
11586850,3567050,1
11650850,3601450,1
11593450,3565950,1
11491150,3501850,1
11574450,3554550,1
11574450,3580350,2
11651250,3601650,1
11856050,3432250,1
11638750,3535950,1
11606750,3553150,67
11434150,2861050,1
11606950,3549950,1
11696650,3615950,1
11594350,3575450,1
10903250,2822050,1
11575350,3570450,1
11601150,3549750,1
11601150,3551050,1
11588450,3565450,2
11594850,3587150,1
11562950,3573450,1
11575750,3579750,1
11594950,3484750,2
11607750,3575650,1
11966150,3056750,1
12862250,3291650,1
11563150,3573650,1
11588750,3569350,1
11588750,3564750,1
11697550,3320850,1
11608050,3555250,41
11352150,3002750,1
11595450,3561750,1
11608250,3556850,16
11966650,3638350,1
11601950,3548650,10
11665950,3674850,1
11678750,3509550,1
11806750,3868250,1
11582750,3568950,1
11858050,3422450,1
11608450,3555850,43
11589350,3576750,1
11595850,3576550,2
11647050,3500150,1
11589550,3566550,1
11435950,3087150,1
11564050,3506050,1
11909650,3589550,1
11583250,3572350,1
11596050,3580650,2
11596050,3543150,2
11608950,3595650,1
11474750,3489050,1
11654150,3488550,1
11596550,3562750,2
11603050,3552950,3
11731050,3374250,1
11596750,3554750,56
11852850,3653750,1
11513650,3525450,1
11590450,3578550,1
11788950,3400150,1
11597150,3556250,1
11578150,3558550,1
11571850,3609750,1
11475850,3489450,1
11604050,3565350,1
12896850,2668350,1
11584950,3561850,1
11597750,3556550,5
11604250,3553650,1
11559550,3697150,1
11802750,3473750,1
11604350,3558550,1
11834750,3428750,1
11559750,3571250,1
11585350,3568850,2
11604550,3548850,1
11886150,3529950,1
11495850,3502250,1
11598250,3555650,2
11598250,3558250,2
11745450,3341150,1
11656150,3681450,1
11598650,3566650,1
11573150,3569150,1
11624350,3411350,1
11586050,3547550,1
11605250,3550350,1
11586150,3519250,1
11598950,3550850,4
11598950,3550950,1
11611750,3553450,1
11707850,3694250,1
11586450,3550050,1
11586550,3580850,1
11599350,3577350,1
11612250,3560250,2
11753050,3548950,1
11893950,3264850,1
11605950,3559350,3
11605950,3557050,2
11657250,3683950,1
11542150,3394150,1
11580550,3571450,1
11593450,3560750,3
11606450,3553150,30
11606450,3553450,4
11689750,3405050,1
11600250,3558950,4
11613050,3565650,2
11600450,3551350,2
12106050,4053050,1
11587750,3575250,3
11581350,3556450,2
11587850,3564450,1
11575350,3570350,1
11607350,3557250,1
11722550,3628050,1
11575450,3569250,1
11594650,3584950,1
11607450,3553450,3
11601150,3559850,4
11601150,3556050,6
11588550,3555650,1
12433350,4959150,1
11601550,3554550,2
11659350,3397350,1
11864350,3426050,1
11595750,3563250,2
11659750,3609650,1
11583050,3562650,2
11973550,3055950,1
11596050,3577750,1
11551350,3615050,1
11577050,3577350,1
11589950,3571250,1
11884450,3722550,2
11590150,3567050,1
11596550,3563650,1
11596650,3559550,2
11590350,3554750,1
11590450,3574350,1
11590450,3544250,2
11597050,3579850,1
11699450,3622650,1
11590650,3573150,1
11584350,3568750,1
11584450,3551850,1
11610050,3556950,1
11603650,3552450,1
11597350,3588450,1
11603750,3548950,12
11603750,3557050,2
11815050,3836350,1
11578250,3595750,2
11603850,3554350,1
13421450,3656550,1
11610350,3087650,1
13421550,3656450,1
11604050,3548450,2
11495450,3502250,1
11585050,3563350,2
11617050,3538750,1
11636350,3559350,1
11578750,3556350,1
11591550,3567350,1
11655550,3606650,1
11598050,3554550,6
11610850,3552250,1
11854050,3533050,1
11585350,3574050,1
11604650,3550250,95
11604650,3557050,1
12679850,2565850,1
11624050,3548250,1
11611350,3560250,1
11592150,3549650,1
11611550,3558550,2
11573350,3564650,2
11586150,3536450,1
11598950,3576450,2
11656550,3607650,1
11976550,3051950,1
11592650,3582750,1
11586350,3575050,1
11868050,3423150,1
11580050,3563650,1
11592850,3561150,1
11964050,3641250,1
11586550,3579650,1
11855350,3428950,1
11586650,3557950,1
11605850,3552450,3
11465050,3483550,1
12668350,2613950,1
11599650,3656750,1
11599850,3557650,54
12572650,3220950,2
11663950,3400950,3
11606550,3555450,58
11581050,3572650,1
11542750,3562850,1
11606750,3549850,1
11606850,3553750,55
10890050,4822850,1
11594150,3559450,2
11600650,3553550,10
11607050,3577150,1
11427850,3419650,1
11600750,3556850,11
11651950,3422150,1
11607150,3557050,4
11600850,3554450,1
11396050,2851850,1
11607250,3552650,115
11658450,3684050,1
11690550,3614350,1
11933750,3892350,2
11581850,3559450,3
11473150,3488750,1
11639550,3532550,1
11594850,3483050,1
11594850,3556150,2
11607650,3552550,11
11556550,3565150,2
11594950,3588850,1
11601450,3544150,4
11614350,3562650,1
11697550,3431450,1
11377550,3166650,1
11588850,3553850,2
11608050,3554450,31
11812850,3835750,1
11576150,3583150,1
11589050,3564250,1
11582650,3565550,1
11774650,3507550,1
11505950,3504950,1
11608350,3555350,1
11608650,3607850,1
11698250,3431650,1
11608750,3556350,1
11647150,3502550,1
11787950,3492250,1
11730450,3629450,1
12415350,4289150,1
11577050,3568450,2
11660650,3478250,1
11590350,3564350,1
11583950,3574150,4
11584050,3554350,1
11596850,3588450,1
11686450,3611850,1
12972850,4839450,1
11609850,3549750,1
13088250,4710050,1
11789150,3399250,1
11578050,3569950,1
13120550,3564150,1
11693350,3521350,1
11584650,3567850,1
11834250,3644650,1
11603950,3558650,2
11603950,3566250,2
11603950,3551250,2
11584850,3567150,2
11610450,3556250,1
11604050,3553750,1
11604050,3566650,2
11789750,3488950,1
11578550,3560550,1
11591350,3518450,1
12640950,2523450,1
11578650,3555250,1
11661950,3610050,1
11738750,3344750,1
12679650,2627750,2
11585350,3567250,1
11585350,3580850,1
11585450,3563650,1
11585450,3570750,1
12673550,2615850,1
11611350,3565650,1
11598650,3557250,11
11662750,3669850,1
11592350,3549750,2
11605150,3556950,1
11586150,3515650,1
11586150,3531750,1
11586150,3532250,1
11592550,3560550,1
11599050,3552650,6
11599050,3555650,33
11624750,3625450,1
12738350,3547250,2
11605550,3554950,2
11976750,3049750,1
11599250,3559750,3
11592850,3582850,3
11605650,3555450,27
11804150,3473350,1
11593050,3582350,1
11401050,3267850,1
11612350,3560450,1
11753150,3548750,1
11580350,3564850,1
11612450,3560850,1
11465350,3484150,1
11606450,3554850,1
11670550,3609950,1
11785750,3798650,1
11625850,3282450,1
11734650,3631250,1
9136250,5573950,2
11581150,3569250,1
11549350,3431550,1
11869350,3350750,1
11434150,2861150,1
11606950,3549750,2
11606950,3551450,63
13091750,4723850,1
11600650,3554750,31
11607050,3556950,25
11588050,3553150,2
13533650,3630550,1
11568850,3581850,1
11594550,3543350,1
11588250,3571950,2
11607750,3596250,1
11722950,3537750,1
11569450,3555050,1
11582250,3554550,1
11467050,3484650,1
11575950,3565850,1
11595150,3575750,1
11646350,3504350,1
12593550,2649850,1
11972850,3056450,1
11505650,3475550,1
11780950,3234550,1
11582550,3548950,1
11601950,3552650,1
11576450,3564950,1
11403650,2849150,1
11595750,3546350,1
11595750,3553050,1
11659750,3670950,1
11576750,3564250,1
11595950,3586950,1
11973650,3055050,1
11608850,3555950,46
11621750,3577950,1
12671350,2615150,1
11602650,3516350,1
11609150,3556550,15
11583650,3560550,2
11564650,3588150,1
11641550,3301250,1
11647950,3326150,2
11596850,3552150,2
11852950,3426550,1
11584250,3550350,1
11827450,3847150,1
11577850,3568650,1
11872250,3447750,1
11597150,3561550,1
12198750,2057150,1
11584450,3571250,1
11597350,3579350,1
11789350,3489650,1
11571850,3301250,1
11975050,3052450,1
11578450,3552450,3
11604050,3560950,2
11572150,3566050,1
11584950,3566150,2
11700150,3658750,1
11328950,4363050,2
11540150,3563350,1
11597850,3566650,1
11629850,3592350,1
11585150,3582450,1
11604350,3556650,146
11578850,3545150,1
11591650,3555650,2
11969450,3012150,2
12852750,4410750,1
11611250,3557750,3
11579250,3565150,1
11700950,3618750,1
11579450,3571350,2
11771450,3510350,1
11592350,3566950,1
11586150,3564850,2
11598950,3557250,3
11598950,3558250,1
11611750,3557750,6
11490150,3501150,1
11579750,3555950,1
11976550,3049450,1
11573450,3568950,1
11586250,3573750,1
11599150,3556350,8
11823150,3844650,1
11887150,3720650,1
11599250,3551850,8
11746450,3633150,1
11407350,2850950,1
11420150,2853450,1
11586650,3565650,2
11586650,3559950,1
11605950,3555650,19
11586850,3571850,1
11618950,3577450,1
11574250,3562350,1
11574450,3556050,1
11600150,3548450,2
12316950,2456050,1
11613050,3552050,1
11587550,3564450,2
11504350,3504450,1
11606750,3563050,1
13104350,4726550,1
11606950,3553950,16
11600650,3556550,8
11607150,3558750,1
11594450,3560850,1
12669650,2581150,1
12151450,4036450,1
11581950,3585450,1
11601350,3561050,1
11614150,3567350,1
11690950,3657150,1
12529350,3374650,1
11582250,3570650,1
11614350,3564750,1
11857650,3414550,1
12856150,4677550,1
11608150,3553850,45
11448250,3446650,1
11608250,3553450,101
13598850,4872850,1
11870950,3540950,1
11922150,3376850,1
11410150,2851350,1
11582950,3553150,1
13016550,4717450,1
11563950,3570250,1
11608750,3571050,1
11602450,3554550,1
11583250,3552850,1
12959350,4830850,1
11583350,3551050,1
12767450,4593150,1
11647450,3324250,1
11660250,3478450,1
11500350,3503650,1
11602750,3549850,19
11602750,3543550,3
11481250,3493250,1
11570850,3579450,1
11596450,3554950,21
11794950,3706750,1
11878150,3051250,1
11609450,3555250,14
11551950,3427450,2
11596750,3562050,1
11609550,3554650,64
11775950,3506350,1
11788750,3490750,1
11801550,3475450,1
11584150,3568250,1
11904150,3524250,1
11968150,3633350,1
11597050,3566750,1
12301050,2458850,1
11609950,3563850,1
11603550,3548650,3
11603550,3568950,1
11872350,3039350,1
11610050,3558950,1
11488550,3499950,1
11699850,3424050,1
11578250,3571750,2
13267850,4040250,1
11610350,3557150,1
11584850,3566750,2
11815350,3837050,1
11604150,3552050,1
11585050,3564150,1
11706650,3623650,1
11585150,3514950,1
11598050,3585850,1
11610850,3558250,1
11745250,3632850,1
11591750,3566550,1
11604550,3612150,1
